,Name,Date,value
34863,p132400,09-03-2023,145.572129
162190,X28640,09-03-2023,175.37571819999997
4146,q23764,09-03-2023,112.44717299999999
4145,g210995,09-03-2023,223.61862689999998
4148,e101879,09-03-2023,229.5158097
3389,b32797,09-03-2023,111.21141680000001
5575,n15006,09-03-2023,183.9684212
4913,b142073,09-03-2023,81.42403952
41378,c77628,09-03-2023,179.23637
7224,k207723,09-03-2023,121.23320220000001
10277,e30569,09-03-2023,188.1203374
10302,j158235,09-03-2023,131.5366603
10325,t38988,09-03-2023,211.74828280000003
10321,e184247,09-03-2023,156.9708651
10309,u39908,09-03-2023,123.7634838
10308,o145005,09-03-2023,122.06188629999998
10306,k210246,09-03-2023,115.5416825
10282,m148894,09-03-2023,109.8029581
10264,c203952,09-03-2023,124.43966999999999
10280,r210557,09-03-2023,149.2614419
10279,h59047,09-03-2023,210.73093019999996
10148,s100025,09-03-2023,100.6621813
10332,l109713,09-03-2023,216.6486937
10245,v36593,09-03-2023,178.7145256
10331,k96618,09-03-2023,150.89725380000002
10357,w172849,09-03-2023,139.8838747
10333,t154892,09-03-2023,205.67548159999998
10338,h192587,09-03-2023,130.419469
10341,w225086,09-03-2023,145.218279
10350,g147595,09-03-2023,229.3854341
10359,a206423,09-03-2023,208.3924019
10360,g56567,09-03-2023,106.92871550000001
10470,j188933,09-03-2023,172.0231144
10639,b64121,09-03-2023,159.66407980000002
10679,m143388,09-03-2023,118.48447979999999
10719,e39400,09-03-2023,66.07315699
10784,x97220,09-03-2023,213.77622230000003
9747,n183684,09-03-2023,204.85752380000002
109388,i106904,09-03-2023,126.73737379999999
138648,w59217,09-03-2023,72.36203096
169193,l157760,09-03-2023,119.9601033
169235,n94042,09-03-2023,145.5334434
170943,k156186,09-03-2023,162.5839605
46567,o24249,09-03-2023,151.616062
47089,q94448,09-03-2023,85.06915353
112279,X14812,09-03-2023,136.3965269
14995,p203593,09-03-2023,192.5882415
17598,q229764,09-03-2023,130.0150331
1035,w112168,09-03-2023,193.5743517
1044,v89635,09-03-2023,119.8546723
1043,d1210,09-03-2023,193.8842632
1042,h225950,09-03-2023,227.88768030000003
1041,k171714,09-03-2023,152.26431069999998
1040,d150323,09-03-2023,173.63554109999998
1039,s30492,09-03-2023,205.15707450000002
1038,q54746,09-03-2023,194.3701399
1037,s188923,09-03-2023,207.4187283
1036,p99631,09-03-2023,154.94746990000002
1033,m97036,09-03-2023,143.5821085
1034,s94550,09-03-2023,121.9625685
1046,l8499,09-03-2023,111.4640138
1032,o495,09-03-2023,108.6615304
1031,m98681,09-03-2023,164.6779789
1030,p219596,09-03-2023,118.4055578
1029,i190591,09-03-2023,162.9641908
1028,d223919,09-03-2023,143.6882093
1027,h160186,09-03-2023,131.4516514
1026,n77087,09-03-2023,218.2707597
1025,r212165,09-03-2023,123.17075279999999
1045,h24196,09-03-2023,196.6692492
1048,w103894,09-03-2023,137.9141664
1047,q89281,09-03-2023,183.66851409999998
1049,s142108,09-03-2023,179.7394449
1023,g77,09-03-2023,121.1001498
1067,w60692,09-03-2023,128.6340097
1066,u65194,09-03-2023,168.1487299
1065,p135504,09-03-2023,115.9121048
1064,q81822,09-03-2023,160.4737554
1063,t63125,09-03-2023,228.98725409999997
1062,e99859,09-03-2023,205.9560834
1061,g37596,09-03-2023,162.56925990000002
1060,o228802,09-03-2023,188.83244399999998
1059,m206478,09-03-2023,225.04548799999998
1058,w175539,09-03-2023,231.2533196
1057,c70077,09-03-2023,195.19709369999998
1056,w9153,09-03-2023,213.60200840000002
1055,m93638,09-03-2023,102.41719599999999
1054,f22788,09-03-2023,105.9132094
1053,b95982,09-03-2023,218.25794759999997
1052,j222728,09-03-2023,221.2937932
1051,t139194,09-03-2023,109.0494063
1050,w14842,09-03-2023,187.17075780000002
1024,f208275,09-03-2023,188.17385180000002
999,q150239,09-03-2023,228.49639280000002
1022,i151000,09-03-2023,115.88453319999999
1069,i168848,09-03-2023,110.2559534
997,s114115,09-03-2023,171.98275869999998
996,s53407,09-03-2023,154.46000700000002
995,p91699,09-03-2023,114.599834
994,b97176,09-03-2023,185.8534192
993,a65003,09-03-2023,184.6892254
992,r220568,09-03-2023,154.68755480000002
991,n194285,09-03-2023,168.9644084
990,f24243,09-03-2023,138.982268
989,w78051,09-03-2023,224.7585017
988,k87653,09-03-2023,231.1433611
987,a118050,09-03-2023,191.8246176
986,u141821,09-03-2023,211.0260554
985,b160540,09-03-2023,221.7927203
984,a128424,09-03-2023,207.8313437
983,f33116,09-03-2023,190.8105298
982,q207441,09-03-2023,189.5693105
981,q51495,09-03-2023,146.8555227
980,f110653,09-03-2023,117.2715518
979,e28333,09-03-2023,151.6369331
998,o205181,09-03-2023,102.6632283
1000,j3020,09-03-2023,160.9348664
1021,o102076,09-03-2023,129.1391538
1001,u234281,09-03-2023,110.0796196
1020,f15842,09-03-2023,140.7046512
1019,k91813,09-03-2023,102.1245395
1018,X42557,09-03-2023,205.9482295
1017,f40878,09-03-2023,162.0190919
1016,e216759,09-03-2023,222.4075284
1015,g181864,09-03-2023,171.55907580000002
1014,p119173,09-03-2023,158.0180983
1013,b138840,09-03-2023,117.9432764
1012,m222759,09-03-2023,216.7411504
1011,d33309,09-03-2023,122.39512920000001
1010,g32436,09-03-2023,226.0388423
1009,m142061,09-03-2023,182.8750351
1008,t151076,09-03-2023,133.6965725
1007,m218390,09-03-2023,196.28534140000002
1006,k82188,09-03-2023,195.3731159
1005,b144241,09-03-2023,193.46464440000003
1004,a100752,09-03-2023,112.30780549999999
1003,u224854,09-03-2023,152.002551
1002,e6497,09-03-2023,167.8566997
1068,v115613,09-03-2023,111.793341
1093,v149031,09-03-2023,194.52190090000002
1070,v63876,09-03-2023,173.23123710000002
1128,h119561,09-03-2023,106.417253
1137,o61297,09-03-2023,212.58978109999998
1136,p210695,09-03-2023,216.1872247
1135,v60237,09-03-2023,130.11520729999998
1134,i33870,09-03-2023,114.8419481
1133,b19009,09-03-2023,160.9793316
1132,a82691,09-03-2023,172.0204066
1131,n34811,09-03-2023,163.4418936
1130,m211574,09-03-2023,131.2376724
1129,j93507,09-03-2023,202.17471669999998
1127,s8646,09-03-2023,167.6426024
1071,j211094,09-03-2023,161.43819109999998
1126,d128193,09-03-2023,222.4798767
1125,f167590,09-03-2023,177.8940851
1124,e124853,09-03-2023,213.26787259999998
1123,i182403,09-03-2023,129.7462174
1122,p130227,09-03-2023,170.3210325
1121,a4306,09-03-2023,104.9896457
1120,a8090,09-03-2023,149.75313280000003
1119,f27060,09-03-2023,221.91147169999996
1118,q176751,09-03-2023,194.4523824
1138,w104587,09-03-2023,225.21575209999997
1139,o21378,09-03-2023,113.485676
1140,w98403,09-03-2023,152.3280876
1141,s89258,09-03-2023,203.26954080000002
1160,t91021,09-03-2023,133.9123044
1159,r69101,09-03-2023,150.13599340000002
1158,u133613,09-03-2023,115.15263689999999
1157,o219706,09-03-2023,194.0514224
1156,o170251,09-03-2023,190.9398632
1155,j216965,09-03-2023,179.2044086
1154,u142615,09-03-2023,217.4419443
1153,s190060,09-03-2023,139.4791516
1152,u164470,09-03-2023,226.0063159
1151,i28034,09-03-2023,129.9816034
1150,c200337,09-03-2023,146.80614340000002
1149,j103149,09-03-2023,178.868675
1148,a82101,09-03-2023,155.5426767
1147,a38543,09-03-2023,167.90199330000002
1146,d3083,09-03-2023,163.49769560000001
1145,s161150,09-03-2023,202.8913901
1144,r208005,09-03-2023,128.8848085
1143,u23848,09-03-2023,131.3649512
1142,q225079,09-03-2023,127.11541129999999
1117,t82505,09-03-2023,195.7302673
1116,u232597,09-03-2023,108.52398570000001
1115,m173476,09-03-2023,196.15732119999998
1092,j212685,09-03-2023,107.00665929999998
1090,l172507,09-03-2023,227.3149055
1089,d83424,09-03-2023,225.37069780000002
1088,i84765,09-03-2023,144.26205880000003
1087,p26099,09-03-2023,111.2355945
1086,c25919,09-03-2023,161.8515428
1085,g181646,09-03-2023,119.4766743
1084,p97927,09-03-2023,188.0933977
1083,o8506,09-03-2023,192.2140889
1082,w150225,09-03-2023,205.9305881
1081,q223563,09-03-2023,223.3066738
1080,r152119,09-03-2023,212.16331949999997
1079,d109763,09-03-2023,115.93034490000001
1078,v143386,09-03-2023,135.16733469999997
1077,j86322,09-03-2023,130.2054305
1076,m104533,09-03-2023,176.2921658
1075,s25595,09-03-2023,146.20381369999998
1074,v24302,09-03-2023,204.6961462
1073,a84206,09-03-2023,115.4285749
1072,h177987,09-03-2023,108.59447479999999
1091,i115876,09-03-2023,198.97959269999998
977,n143174,09-03-2023,220.46241899999998
1114,u214935,09-03-2023,227.790297
1094,l181406,09-03-2023,174.4562353
1113,n168829,09-03-2023,146.2776756
1112,u72951,09-03-2023,127.93792749999999
1111,g25085,09-03-2023,154.5341519
1110,s174573,09-03-2023,171.61130649999998
1109,l151649,09-03-2023,150.9341044
1108,r143965,09-03-2023,182.4979236
1107,b86967,09-03-2023,109.0571551
1106,v12005,09-03-2023,146.17877969999998
1105,e187413,09-03-2023,163.06660290000002
1104,m184056,09-03-2023,208.30064240000002
1103,m95524,09-03-2023,193.04084540000002
1102,k229285,09-03-2023,193.8706204
1101,u206398,09-03-2023,107.4296889
1100,h38911,09-03-2023,192.2677331
1099,t227537,09-03-2023,204.31025830000002
1098,l38669,09-03-2023,184.68175349999999
1097,l3572,09-03-2023,198.770461
1096,d87949,09-03-2023,222.0842557
1095,q208074,09-03-2023,150.0415952
978,o30053,09-03-2023,104.7768628
953,q209412,09-03-2023,145.87072790000002
976,u75591,09-03-2023,215.50080830000002
849,q165311,09-03-2023,170.43885269999998
858,v63147,09-03-2023,214.2333423
857,b5509,09-03-2023,196.53943859999998
856,h183170,09-03-2023,125.7678419
855,t207858,09-03-2023,135.5314416
854,k209098,09-03-2023,226.18377149999998
853,r22492,09-03-2023,138.66733259999998
852,j60728,09-03-2023,207.56704399999998
851,x166142,09-03-2023,108.89352520000001
850,v113741,09-03-2023,145.4210317
848,h35988,09-03-2023,199.809553
883,o6706,09-03-2023,216.8602099
847,s106260,09-03-2023,105.6398257
846,t40051,09-03-2023,170.0641885
845,d127037,09-03-2023,143.40259890000002
844,s223814,09-03-2023,196.98917169999999
843,r46263,09-03-2023,171.7191373
842,u115906,09-03-2023,152.704882
841,f7394,09-03-2023,216.799516
840,p166677,09-03-2023,201.00729990000002
839,c57871,09-03-2023,153.9549614
859,X142658,09-03-2023,99.07948643
860,t22815,09-03-2023,104.70263620000001
861,n32329,09-03-2023,148.7342408
862,k99419,09-03-2023,113.911472
881,v140631,09-03-2023,199.0098237
880,h52991,09-03-2023,115.3483074
879,s89492,09-03-2023,159.302674
878,l233590,09-03-2023,196.2872278
877,l77272,09-03-2023,212.9155587
876,d35908,09-03-2023,118.74259620000001
875,g144546,09-03-2023,125.10100130000001
874,e27515,09-03-2023,119.33056140000001
873,g71789,09-03-2023,173.5406882
872,w53081,09-03-2023,103.78180429999999
871,k167286,09-03-2023,116.5277711
870,n211701,09-03-2023,186.5717794
869,s73424,09-03-2023,198.3472401
868,h48195,09-03-2023,85.57073484
867,r45079,09-03-2023,226.0224861
866,l129714,09-03-2023,145.7186725
865,s113852,09-03-2023,133.45142859999999
864,X74991,09-03-2023,137.4344607
863,o126682,09-03-2023,176.8456335
838,v34834,09-03-2023,128.60077040000002
837,d212027,09-03-2023,161.84548600000002
836,d205014,09-03-2023,90.01744389
813,k140671,09-03-2023,165.42868769999998
811,e210306,09-03-2023,114.60121170000001
810,h129258,09-03-2023,156.90450990000002
809,X60602,09-03-2023,152.96483
808,s207795,09-03-2023,194.7872845
807,i145529,09-03-2023,126.8888428
806,d205938,09-03-2023,101.48241379999999
805,a121501,09-03-2023,102.11023320000001
804,t233811,09-03-2023,93.69452907
803,s187469,09-03-2023,193.3631958
802,d50606,09-03-2023,104.9579229
801,u182917,09-03-2023,175.9663228
800,r84294,09-03-2023,101.8679933
799,f25488,09-03-2023,107.1512134
798,f98724,09-03-2023,185.51579730000003
797,k69564,09-03-2023,125.06307009999999
796,a203869,09-03-2023,183.0607564
795,t176453,09-03-2023,181.62509880000002
794,l234687,09-03-2023,166.4807227
793,e85301,09-03-2023,188.343146
1,x132784,09-03-2023,145.0791724
814,w18980,09-03-2023,127.0798456
835,r181042,09-03-2023,192.19076930000003
815,q69900,09-03-2023,190.36128269999998
834,v218931,09-03-2023,141.54231919999998
833,l164146,09-03-2023,140.37163230000002
832,k36459,09-03-2023,140.6727335
831,d18587,09-03-2023,185.95136230000003
830,g210724,09-03-2023,199.428411
829,n19058,09-03-2023,134.3401015
828,f164162,09-03-2023,200.5841117
827,k78648,09-03-2023,102.1726767
826,j127635,09-03-2023,155.47312050000002
825,o118742,09-03-2023,85.61457876
824,p211814,09-03-2023,167.7182035
823,e133433,09-03-2023,201.4255678
822,s201907,09-03-2023,150.94069340000001
821,t51501,09-03-2023,187.18614
820,w147296,09-03-2023,175.0578723
819,w73805,09-03-2023,133.50427879999998
818,j72741,09-03-2023,117.33956770000002
817,o231971,09-03-2023,206.58525590000002
816,r149816,09-03-2023,153.44662399999999
882,c156283,09-03-2023,179.9182083
884,d197383,09-03-2023,103.63731899999999
975,c17269,09-03-2023,143.0383323
942,h104939,09-03-2023,195.61604599999998
951,h24793,09-03-2023,136.4783481
950,x99347,09-03-2023,173.9725982
949,j134829,09-03-2023,220.54094840000002
948,l95164,09-03-2023,129.9049831
947,g162749,09-03-2023,179.7512509
946,m159392,09-03-2023,131.4755422
945,b65462,09-03-2023,98.20638985
944,t145715,09-03-2023,127.24739199999999
943,k109781,09-03-2023,127.90082849999999
941,f102604,09-03-2023,147.1073835
885,u148409,09-03-2023,205.13711669999998
940,c6431,09-03-2023,113.9612717
939,p134270,09-03-2023,158.84944950000002
938,x153205,09-03-2023,220.98757819999997
937,e48515,09-03-2023,203.59778
936,o49346,09-03-2023,173.520235
935,n120146,09-03-2023,203.01835060000002
934,X19449,09-03-2023,205.35233530000002
933,q141471,09-03-2023,205.4912849
932,s114390,09-03-2023,220.94263289999998
952,m92207,09-03-2023,103.85595699999999
1162,i36009,09-03-2023,214.32784049999998
954,d27511,09-03-2023,211.7652579
955,x171875,09-03-2023,232.7673769
974,h50223,09-03-2023,224.53160609999998
973,m145035,09-03-2023,140.0668759
972,c203501,09-03-2023,106.2494433
971,g6950,09-03-2023,144.1933308
970,g216187,09-03-2023,127.9036206
969,j67886,09-03-2023,183.07096719999998
968,a198665,09-03-2023,210.48973560000002
967,k104598,09-03-2023,225.09275309999998
966,u206313,09-03-2023,193.02064430000001
965,o118897,09-03-2023,160.904725
964,q83462,09-03-2023,126.0914882
963,m230093,09-03-2023,144.7917202
962,m107588,09-03-2023,200.607798
961,r103182,09-03-2023,186.66417769999998
960,s91349,09-03-2023,123.40285759999999
959,w91609,09-03-2023,167.0208189
958,x120888,09-03-2023,151.06162700000002
957,g34275,09-03-2023,119.32429679999998
956,w197884,09-03-2023,183.37372319999997
931,i22579,09-03-2023,122.74972549999998
930,h203393,09-03-2023,155.0912845
929,c113838,09-03-2023,218.66198390000002
906,w55468,09-03-2023,97.72924515
904,t233316,09-03-2023,108.87091699999999
903,h135770,09-03-2023,123.8821711
902,a3657,09-03-2023,92.3936685
901,u183297,09-03-2023,191.6522194
900,l68499,09-03-2023,169.1110507
899,g196592,09-03-2023,187.02091230000002
898,w112000,09-03-2023,137.49153710000002
897,u30827,09-03-2023,153.9225609
896,d196600,09-03-2023,137.40659230000003
895,r19477,09-03-2023,210.939542
894,w224157,09-03-2023,153.62855359999998
893,s99501,09-03-2023,169.285459
892,n152689,09-03-2023,120.62538229999998
891,g4242,09-03-2023,199.67075490000002
890,e234563,09-03-2023,160.6862953
889,o53377,09-03-2023,109.8962344
888,l83332,09-03-2023,186.1108158
887,a162485,09-03-2023,92.79524674
886,x191870,09-03-2023,162.7111769
905,l226895,09-03-2023,194.1618144
907,j167943,09-03-2023,130.2671604
928,w107870,09-03-2023,97.79400546
908,o53589,09-03-2023,196.72425769999998
927,X10079,09-03-2023,100.783895
926,p192536,09-03-2023,105.97141529999999
925,l114340,09-03-2023,134.0717591
924,p8895,09-03-2023,152.9840257
923,v3202,09-03-2023,224.9159736
922,g194419,09-03-2023,145.12198859999998
921,q74444,09-03-2023,167.4613008
920,u100262,09-03-2023,213.88366800000003
919,r195203,09-03-2023,102.11201609999999
918,k140810,09-03-2023,181.1820475
917,g196664,09-03-2023,190.1036865
916,X5734,09-03-2023,221.9409722
915,a178657,09-03-2023,222.27037
914,k211709,09-03-2023,218.74820269999998
913,h118698,09-03-2023,191.0179029
912,u82955,09-03-2023,229.4095466
911,p172975,09-03-2023,128.0035737
910,p160137,09-03-2023,218.14232940000002
909,u18313,09-03-2023,139.2750125
1161,c103548,09-03-2023,208.7684514
1186,p177127,09-03-2023,106.319313
1163,d146289,09-03-2023,178.3408053
1407,e70452,09-03-2023,164.36788149999998
1416,v103280,09-03-2023,139.0658803
1415,f75753,09-03-2023,132.07692820000003
1414,o8661,09-03-2023,212.15077680000002
1413,X92678,09-03-2023,98.36938543
1412,k115537,09-03-2023,108.3606905
1411,g214455,09-03-2023,145.16889780000002
1410,a118925,09-03-2023,122.2776456
1409,l126072,09-03-2023,103.7213173
1408,j203180,09-03-2023,129.27184240000003
1406,w34288,09-03-2023,228.44763450000002
1441,v109730,09-03-2023,167.10088580000001
1405,d145014,09-03-2023,123.49178
1404,n43877,09-03-2023,179.90469280000002
1403,f107336,09-03-2023,209.73817480000002
1402,m18483,09-03-2023,164.45320049999998
1401,n56403,09-03-2023,133.8919055
1400,c140582,09-03-2023,160.5591843
1399,u175182,09-03-2023,149.6832677
1398,g190638,09-03-2023,154.5540784
1397,c174571,09-03-2023,95.42552393
1417,b199082,09-03-2023,194.3039086
1418,p122590,09-03-2023,160.8445091
1419,a106340,09-03-2023,103.2433859
1420,g112609,09-03-2023,180.12080869999997
1439,f111494,09-03-2023,204.33984030000002
1438,u35828,09-03-2023,102.95895229999999
1437,r50674,09-03-2023,98.83467893
1436,w160589,09-03-2023,199.8235052
1435,g184924,09-03-2023,196.4429773
1434,o120314,09-03-2023,142.026006
1433,r162056,09-03-2023,141.0845852
1432,q123882,09-03-2023,134.5943939
1431,e73867,09-03-2023,195.7688102
1430,v87009,09-03-2023,121.41461840000001
1429,c146056,09-03-2023,179.5095823
1428,q173949,09-03-2023,152.4905233
1427,t121095,09-03-2023,121.6569455
1426,e79110,09-03-2023,115.28390139999999
1425,e151094,09-03-2023,97.05541195
1424,j7713,09-03-2023,101.2081036
1423,f224860,09-03-2023,125.8001118
1422,w135677,09-03-2023,176.8505721
1421,j118664,09-03-2023,136.0312172
1396,p165231,09-03-2023,216.95978730000002
1395,k102708,09-03-2023,215.23055319999997
1394,v142804,09-03-2023,165.51879250000002
1371,r170081,09-03-2023,116.5835713
1369,b69457,09-03-2023,96.20074295
1368,s223424,09-03-2023,167.93956619999997
1367,j114302,09-03-2023,209.80643540000003
1366,v146906,09-03-2023,144.2092345
1365,c18259,09-03-2023,134.2166642
1364,u227784,09-03-2023,95.81524988
1363,c76291,09-03-2023,109.5394824
1362,m132854,09-03-2023,134.3975061
1361,r174795,09-03-2023,115.5552091
1360,c41030,09-03-2023,119.03357050000001
1359,n149387,09-03-2023,152.6922946
1358,k95242,09-03-2023,147.5618993
1357,r73607,09-03-2023,117.519575
1356,u84052,09-03-2023,142.6218501
1355,n183816,09-03-2023,166.3220896
1354,e75988,09-03-2023,162.85259380000002
1353,t223930,09-03-2023,124.8210128
1352,p15352,09-03-2023,158.71281580000002
1351,u11160,09-03-2023,138.10959350000002
1370,j161997,09-03-2023,217.338546
1372,o67800,09-03-2023,189.3522599
1393,f45908,09-03-2023,135.1237861
1373,a32166,09-03-2023,142.7318305
1392,a224273,09-03-2023,194.0650471
1391,o181600,09-03-2023,134.1330013
1390,l43197,09-03-2023,121.8991112
1389,x141676,09-03-2023,98.72803869
1388,r97298,09-03-2023,115.6702868
1387,X30546,09-03-2023,123.34195020000001
1386,e7208,09-03-2023,180.8911274
1385,d80247,09-03-2023,103.02161009999999
1384,q116802,09-03-2023,108.6632574
1383,r179445,09-03-2023,128.2346729
1382,n69235,09-03-2023,138.3715429
1381,c80165,09-03-2023,97.21441416
1380,w66118,09-03-2023,110.2979936
1379,X37470,09-03-2023,108.1065929
1378,e145019,09-03-2023,161.5328747
1377,p23163,09-03-2023,157.6977029
1376,X115077,09-03-2023,147.5625251
1375,t53300,09-03-2023,138.259925
1374,s16866,09-03-2023,140.1116879
1440,l30960,09-03-2023,124.2151588
1442,f19722,09-03-2023,86.97555141
1349,e16106,09-03-2023,95.43756711
1500,p200638,09-03-2023,218.33025330000004
1509,g15886,09-03-2023,120.50946850000001
1508,b45139,09-03-2023,170.0300023
1507,n182084,09-03-2023,135.2933006
1506,e11853,09-03-2023,201.7891124
1505,r180298,09-03-2023,204.6005516
1504,g130333,09-03-2023,103.0011295
1503,a81397,09-03-2023,212.1530399
1502,x185953,09-03-2023,157.52772869999998
1501,n210676,09-03-2023,196.5976138
1499,h213916,09-03-2023,126.2414951
1443,r208088,09-03-2023,86.23709134
1498,b194676,09-03-2023,200.3829149
1497,e132445,09-03-2023,186.89283369999998
1496,x172102,09-03-2023,152.6285544
1495,e17410,09-03-2023,206.39540060000002
1494,a82092,09-03-2023,97.36006652
1493,d125747,09-03-2023,193.9744649
1492,v53545,09-03-2023,147.0755215
1491,g171971,09-03-2023,104.82554379999999
1490,f64416,09-03-2023,162.89971169999998
1510,l92963,09-03-2023,115.4080351
1511,f69802,09-03-2023,121.90292759999998
1512,X10128,09-03-2023,151.75581
1513,s89216,09-03-2023,183.8990729
1532,m116400,09-03-2023,139.9801904
1531,k232283,09-03-2023,164.07014030000002
1530,q188520,09-03-2023,136.7132976
1529,r157985,09-03-2023,106.11906470000001
1528,u136508,09-03-2023,170.25116509999998
1527,o90069,09-03-2023,195.740513
1526,o39901,09-03-2023,215.8439759
1525,b227985,09-03-2023,130.3749937
1524,p89265,09-03-2023,100.029348
1523,p197828,09-03-2023,211.6157665
1522,g9573,09-03-2023,144.64853159999998
1521,j168373,09-03-2023,138.87312830000002
1520,c156250,09-03-2023,173.0811749
1519,q99147,09-03-2023,201.39760980000003
1518,k194653,09-03-2023,207.14172240000002
1517,x154298,09-03-2023,156.320742
1516,a111995,09-03-2023,208.1311463
1515,m68427,09-03-2023,204.0807606
1514,l121711,09-03-2023,227.7238989
1489,x165660,09-03-2023,182.19310269999997
1488,j42131,09-03-2023,177.9405768
1487,l19038,09-03-2023,195.20111210000002
1464,q9888,09-03-2023,207.3672773
1462,l122608,09-03-2023,204.43710159999998
1461,m205589,09-03-2023,110.87818270000001
1460,h125373,09-03-2023,117.2241481
1459,a35862,09-03-2023,142.6532142
1458,n8012,09-03-2023,172.8797388
1457,i136607,09-03-2023,180.5641415
1456,d4731,09-03-2023,144.33001959999999
1455,o22668,09-03-2023,132.4736426
1454,m95613,09-03-2023,205.0463503
1453,b60498,09-03-2023,170.7647337
1452,j7806,09-03-2023,156.9389875
1451,r221201,09-03-2023,206.3687697
1450,s129688,09-03-2023,184.09543
1449,t28337,09-03-2023,158.581692
1448,n103144,09-03-2023,159.18713390000002
1447,g128911,09-03-2023,132.7084249
1446,t187290,09-03-2023,170.556931
1445,d86188,09-03-2023,164.88040690000003
1444,k26263,09-03-2023,124.91187009999999
1463,m221252,09-03-2023,119.49770990000002
1465,n90469,09-03-2023,107.1819629
1486,l39427,09-03-2023,143.38502150000002
1466,p132341,09-03-2023,190.68304780000003
1485,w202496,09-03-2023,93.16208622
1484,l169106,09-03-2023,116.89522420000002
1483,l65258,09-03-2023,150.198194
1482,a15957,09-03-2023,144.6650757
1481,w167811,09-03-2023,175.2834138
1480,s103013,09-03-2023,203.4924816
1479,q217353,09-03-2023,105.5062737
1478,u78319,09-03-2023,207.16378840000002
1477,f173795,09-03-2023,177.4561769
1476,q160162,09-03-2023,130.2294758
1475,i186054,09-03-2023,100.2730158
1474,q147797,09-03-2023,179.0854883
1473,h229596,09-03-2023,164.2356313
1472,v120692,09-03-2023,113.54679240000002
1471,b219717,09-03-2023,128.0642623
1470,t181565,09-03-2023,200.5305377
1469,k12671,09-03-2023,162.9132007
1468,e170917,09-03-2023,104.11918299999999
1467,e48452,09-03-2023,143.6799366
1350,c199390,09-03-2023,114.1871044
1348,p10674,09-03-2023,137.23691509999998
1164,r65462,09-03-2023,171.4079839
1221,w232145,09-03-2023,198.42725280000002
1230,f104000,09-03-2023,145.288387
1229,t91717,09-03-2023,128.4441959
1228,s203809,09-03-2023,132.1114113
1227,t182270,09-03-2023,161.1712682
1226,r204265,09-03-2023,127.4110438
1225,c92122,09-03-2023,128.4319534
1224,r58238,09-03-2023,96.54638446
1223,s71791,09-03-2023,207.965597
1222,d229059,09-03-2023,213.37134840000002
1220,m72321,09-03-2023,148.88668859999999
1255,n140823,09-03-2023,200.90905180000001
1219,s64834,09-03-2023,186.81929230000003
1218,s101743,09-03-2023,187.49221409999998
1217,p49356,09-03-2023,183.6415692
1216,n13691,09-03-2023,173.61322080000002
1215,q211719,09-03-2023,157.4143335
1214,o213390,09-03-2023,204.5692387
1213,g104523,09-03-2023,204.8382788
1212,u57463,09-03-2023,129.9633409
1211,r88570,09-03-2023,128.41148090000002
1231,u164328,09-03-2023,228.7542799
1232,d134657,09-03-2023,121.67129890000001
1233,k10586,09-03-2023,128.2238724
1234,u63206,09-03-2023,172.7614386
1253,c7099,09-03-2023,230.40587969999999
1252,l125358,09-03-2023,135.386107
1251,X13388,09-03-2023,200.7872907
1250,e72543,09-03-2023,194.05419550000002
1249,s141336,09-03-2023,220.8378789
1248,i218667,09-03-2023,143.5855766
1247,j105218,09-03-2023,209.2491979
1246,s160640,09-03-2023,202.66499219999997
1245,o110890,09-03-2023,171.61686530000003
1244,q48554,09-03-2023,148.9737794
1243,o139923,09-03-2023,116.35419679999998
1242,c199722,09-03-2023,212.33679130000002
1241,u153249,09-03-2023,198.0631131
1240,X88703,09-03-2023,221.01221380000004
1239,k161598,09-03-2023,219.04567609999998
1238,r128053,09-03-2023,119.04538090000001
1237,t48485,09-03-2023,192.5903394
1236,l73994,09-03-2023,207.2920259
1235,v104754,09-03-2023,100.1237733
1210,x152195,09-03-2023,172.78434309999997
1209,v3420,09-03-2023,132.10139850000002
1208,j173720,09-03-2023,146.6675575
1185,e64468,09-03-2023,101.2027329
1183,s136071,09-03-2023,104.4681867
1182,n54166,09-03-2023,182.73009950000002
1181,o219454,09-03-2023,120.3515923
1180,s116950,09-03-2023,112.7437896
1179,s69825,09-03-2023,140.6626072
1178,v96201,09-03-2023,129.7426003
1177,p51045,09-03-2023,224.1210384
1176,s47278,09-03-2023,192.2600644
1175,a96681,09-03-2023,203.52620290000002
1174,q173919,09-03-2023,108.3935364
1173,g90473,09-03-2023,125.26906559999999
1172,j74380,09-03-2023,107.7821755
1171,c190198,09-03-2023,136.3449479
1170,n223336,09-03-2023,151.94702980000002
1169,w158607,09-03-2023,163.92953390000002
1168,c34786,09-03-2023,173.9712279
1167,l227607,09-03-2023,164.349144
1166,o128117,09-03-2023,111.5149862
1165,m38561,09-03-2023,199.85967240000002
1184,c92188,09-03-2023,165.8066342
791,d71059,09-03-2023,112.973648
1207,j186808,09-03-2023,156.62302490000002
1187,v145437,09-03-2023,169.8954857
1206,b74777,09-03-2023,145.14156369999998
1205,p140498,09-03-2023,145.973769
1204,e68302,09-03-2023,150.8980831
1203,w84998,09-03-2023,127.9410584
1202,j214323,09-03-2023,196.2402311
1201,w195603,09-03-2023,118.27799329999999
1200,f203635,09-03-2023,224.53573019999996
1199,s168174,09-03-2023,157.0477405
1198,r177028,09-03-2023,134.5891222
1197,n137805,09-03-2023,159.2292647
1196,e11666,09-03-2023,216.03105159999998
1195,q196322,09-03-2023,181.10057350000002
1194,l223614,09-03-2023,213.35257489999998
1193,c99396,09-03-2023,193.994003
1192,h20492,09-03-2023,154.20596669999998
1191,q18206,09-03-2023,107.0740656
1190,l119632,09-03-2023,112.1046587
1189,v156747,09-03-2023,203.98426659999998
1188,m42508,09-03-2023,198.064301
1254,l228049,09-03-2023,120.44413159999999
1256,X90125,09-03-2023,140.2523149
1347,n222023,09-03-2023,99.72739333
1314,t97395,09-03-2023,218.3133337
1323,a125820,09-03-2023,117.8912831
1322,t91504,09-03-2023,88.65548806
1321,e80121,09-03-2023,181.4253182
1320,b105805,09-03-2023,164.3919466
1319,v218043,09-03-2023,107.07898270000001
1318,b117334,09-03-2023,192.210823
1317,X47375,09-03-2023,137.8922186
1316,q112815,09-03-2023,92.53827941
1315,f213664,09-03-2023,187.2391819
1313,s117665,09-03-2023,152.06555580000003
1257,p59068,09-03-2023,100.3839385
1312,h182011,09-03-2023,108.5850629
1311,r62695,09-03-2023,113.18141840000001
1310,e45863,09-03-2023,194.7669947
1309,e210395,09-03-2023,166.4091362
1308,c26219,09-03-2023,144.7719306
1307,l218354,09-03-2023,144.3439956
1306,t3530,09-03-2023,159.1014166
1305,v117014,09-03-2023,152.282782
1304,X199463,09-03-2023,104.8796406
1324,l52965,09-03-2023,102.2198359
1325,r29118,09-03-2023,137.4582237
1326,l54097,09-03-2023,183.87846430000002
1327,v122967,09-03-2023,146.1874717
1346,n178222,09-03-2023,138.33231740000002
1345,o196433,09-03-2023,130.4715908
1344,p205218,09-03-2023,160.94746030000002
1343,a155695,09-03-2023,119.33611850000001
1342,v31871,09-03-2023,165.5297643
1341,s106281,09-03-2023,165.0183411
1340,f89015,09-03-2023,112.84321299999999
1339,i111564,09-03-2023,200.88796010000002
1338,q229911,09-03-2023,107.1332372
1337,X58083,09-03-2023,146.3254232
1336,e233846,09-03-2023,178.5784055
1335,c79798,09-03-2023,180.6469761
1334,l66488,09-03-2023,106.6521933
1333,f60017,09-03-2023,201.24870280000002
1332,x21143,09-03-2023,146.891472
1331,g87930,09-03-2023,111.0668158
1330,p156876,09-03-2023,211.7866582
1329,h92928,09-03-2023,224.8664787
1328,e133237,09-03-2023,103.18290019999999
1303,w143097,09-03-2023,211.9284472
1302,m227599,09-03-2023,149.4092454
1301,v150293,09-03-2023,208.4610935
1278,c37655,09-03-2023,136.35360690000002
1276,o36284,09-03-2023,151.7357719
1275,m220081,09-03-2023,127.0763196
1274,t110050,09-03-2023,211.6363758
1273,m172995,09-03-2023,219.60452030000002
1272,e175391,09-03-2023,202.25463
1271,r128590,09-03-2023,159.75670449999998
1270,q79629,09-03-2023,141.2900271
1269,u3899,09-03-2023,115.3224405
1268,g131800,09-03-2023,134.0686185
1267,o217543,09-03-2023,170.5312387
1266,t170739,09-03-2023,190.92493159999998
1265,i178789,09-03-2023,219.4927227
1264,j4214,09-03-2023,219.0244835
1263,j203589,09-03-2023,176.5908451
1262,m45239,09-03-2023,144.68633180000003
1261,h41010,09-03-2023,192.1996124
1260,d190813,09-03-2023,104.86020320000002
1259,d215212,09-03-2023,156.4931319
1258,w61773,09-03-2023,178.9049249
1277,k133140,09-03-2023,119.35541129999999
1279,q24445,09-03-2023,195.8977137
1300,p42278,09-03-2023,194.74521719999998
1280,r154324,09-03-2023,214.8235456
1299,e163810,09-03-2023,153.8172846
1298,k201378,09-03-2023,111.75727679999999
1297,j229278,09-03-2023,101.16601829999999
1296,X202682,09-03-2023,208.1270782
1295,s115805,09-03-2023,154.9920689
1294,a180222,09-03-2023,134.7732583
1293,l5797,09-03-2023,159.8349729
1292,g228842,09-03-2023,169.22153730000002
1291,v158107,09-03-2023,228.9188539
1290,r3508,09-03-2023,188.6526655
1289,o135909,09-03-2023,190.3195728
1288,f201247,09-03-2023,110.7480263
1287,w110541,09-03-2023,88.17699437
1286,w140275,09-03-2023,219.7078951
1285,t152979,09-03-2023,198.3457444
1284,x43350,09-03-2023,160.7494409
1283,s117813,09-03-2023,182.15894690000002
1282,t81442,09-03-2023,161.23579640000003
1281,b233722,09-03-2023,182.04889790000001
792,g28115,09-03-2023,180.05160039999998
0,f34041,09-03-2023,201.1775175
790,d229064,09-03-2023,97.59991287
271,o85540,09-03-2023,150.7568341
269,b144092,09-03-2023,218.7712846
268,q178754,09-03-2023,156.2843875
267,e114321,09-03-2023,190.59717849999998
266,k30547,09-03-2023,206.93513069999997
265,w62848,09-03-2023,115.9032618
264,r158427,09-03-2023,172.2023065
263,q82239,09-03-2023,202.63874769999998
262,n22571,09-03-2023,141.42198180000003
261,p55795,09-03-2023,116.94235520000001
260,u36380,09-03-2023,178.8019023
259,i212151,09-03-2023,216.4112509
258,l105500,09-03-2023,161.6865906
257,t119487,09-03-2023,182.0753757
256,c167336,09-03-2023,124.3637656
255,b17357,09-03-2023,118.75319609999998
254,w40337,09-03-2023,205.7293642
253,v164488,09-03-2023,201.5181342
252,d2437,09-03-2023,186.46258659999998
251,c145858,09-03-2023,186.9169709
250,h40058,09-03-2023,105.66587220000001
249,s158624,09-03-2023,203.3871426
270,q23290,09-03-2023,184.9380618
272,g68390,09-03-2023,186.8475387
296,c85612,09-03-2023,126.4915953
273,t121513,09-03-2023,137.116893
294,d202152,09-03-2023,111.1686452
293,i218672,09-03-2023,144.5941136
292,q45177,09-03-2023,209.3470601
291,b170029,09-03-2023,181.9278297
290,r204366,09-03-2023,91.85186800000001
289,v132486,09-03-2023,201.07654530000002
288,g157079,09-03-2023,123.37861170000001
287,h219062,09-03-2023,102.75014820000001
286,n82639,09-03-2023,164.7049833
285,o69727,09-03-2023,138.5852021
284,x33612,09-03-2023,180.53554419999998
283,m61972,09-03-2023,121.92119140000001
282,f61201,09-03-2023,182.2375488
281,d161719,09-03-2023,101.4871725
280,x5972,09-03-2023,96.16705999999999
279,t156428,09-03-2023,142.9950456
278,s208786,09-03-2023,120.12738459999998
277,i25818,09-03-2023,170.9227458
276,p126648,09-03-2023,111.27754540000001
275,a28867,09-03-2023,172.1807788
274,e37976,09-03-2023,209.2164532
248,m16528,09-03-2023,160.920734
247,b30538,09-03-2023,173.54818909999997
246,r115539,09-03-2023,163.1289323
245,q105587,09-03-2023,220.78414130000002
220,m143441,09-03-2023,209.09945980000003
219,i131517,09-03-2023,217.1535933
218,q103932,09-03-2023,128.3822575
217,e19141,09-03-2023,197.5754251
216,a213916,09-03-2023,114.0523209
215,q192917,09-03-2023,171.99954440000002
214,f127159,09-03-2023,118.7748928
213,u60884,09-03-2023,150.4201199
212,X124932,09-03-2023,204.6992627
211,i22140,09-03-2023,206.1353497
210,a229184,09-03-2023,202.11925630000002
209,m129643,09-03-2023,110.91726000000001
208,d227426,09-03-2023,171.3055214
207,e224564,09-03-2023,177.6298952
206,h171779,09-03-2023,164.8429282
205,d124954,09-03-2023,180.96263530000002
204,h58596,09-03-2023,173.2270845
203,m22289,09-03-2023,139.8424897
202,p147767,09-03-2023,119.6572371
201,f81844,09-03-2023,163.9799071
200,e190047,09-03-2023,200.28408090000002
221,p90182,09-03-2023,131.4935295
222,j159394,09-03-2023,192.6981764
223,m119468,09-03-2023,205.412577
235,m103845,09-03-2023,184.0640602
244,c87931,09-03-2023,150.8254851
243,b81913,09-03-2023,206.19348169999998
242,u6046,09-03-2023,118.8102672
241,h213031,09-03-2023,142.8473957
240,a183200,09-03-2023,192.57478590000002
239,X214744,09-03-2023,173.9255444
238,p23930,09-03-2023,126.13875300000001
237,u232570,09-03-2023,132.4030664
236,i59033,09-03-2023,161.35172480000003
234,r87045,09-03-2023,103.34317800000001
224,h84799,09-03-2023,184.8875573
233,i158799,09-03-2023,192.1211176
232,b133402,09-03-2023,140.9477253
231,o99938,09-03-2023,158.0051855
230,q216276,09-03-2023,97.09516740000001
229,c24003,09-03-2023,220.94829930000003
228,p53170,09-03-2023,188.34480280000002
227,m15427,09-03-2023,121.89337309999999
226,k175558,09-03-2023,186.285134
225,t164881,09-03-2023,93.96472304
295,e26679,09-03-2023,223.48199049999997
297,v80518,09-03-2023,223.23935609999998
198,f42678,09-03-2023,162.2119659
370,v123515,09-03-2023,131.32072979999998
368,h44864,09-03-2023,127.83943740000001
367,w129095,09-03-2023,136.3439947
366,m159074,09-03-2023,102.93435140000001
365,t39282,09-03-2023,171.4668926
364,n186245,09-03-2023,185.3496505
363,e175040,09-03-2023,184.8466871
362,k60031,09-03-2023,88.86152552
361,x136873,09-03-2023,206.7779129
360,t167179,09-03-2023,163.5597966
359,t84129,09-03-2023,154.41367130000003
358,h164389,09-03-2023,98.32522249
357,g181036,09-03-2023,157.4223092
356,p181387,09-03-2023,101.28472099999999
355,u43309,09-03-2023,93.65436956
354,h124760,09-03-2023,105.7051507
353,r231393,09-03-2023,126.8687291
352,p19731,09-03-2023,158.0957778
351,u154519,09-03-2023,123.97597320000001
350,m70979,09-03-2023,161.8196695
349,c99876,09-03-2023,182.0304233
348,l6126,09-03-2023,144.51727769999997
369,h47535,09-03-2023,115.886808
371,k173194,09-03-2023,193.25358169999998
298,p106802,09-03-2023,177.2538721
372,f35023,09-03-2023,102.5448764
393,b211160,09-03-2023,112.0878404
392,h53085,09-03-2023,132.411678
391,a218591,09-03-2023,94.57740902
390,k67787,09-03-2023,104.5942168
389,e142195,09-03-2023,160.5535642
388,d50954,09-03-2023,141.3885216
387,r145697,09-03-2023,173.5489353
386,r116385,09-03-2023,208.47639809999998
385,b2608,09-03-2023,181.56065669999998
384,t89253,09-03-2023,130.72505859999998
383,k190373,09-03-2023,213.9323599
382,l118553,09-03-2023,207.9148949
381,g230303,09-03-2023,194.7887122
380,j90950,09-03-2023,94.76089549999999
379,n205555,09-03-2023,92.14651082
378,v70025,09-03-2023,116.20683259999998
377,o233949,09-03-2023,123.5451752
376,j4403,09-03-2023,114.81727839999999
375,h183272,09-03-2023,108.02904740000001
789,p82481,09-03-2023,101.37005390000002
373,h23509,09-03-2023,102.2753506
347,g145860,09-03-2023,208.6494046
346,n96952,09-03-2023,99.76246209
345,n205173,09-03-2023,159.75179330000003
344,h168734,09-03-2023,103.7506653
319,r44883,09-03-2023,193.02890390000002
318,o73234,09-03-2023,96.41653489
317,r178069,09-03-2023,103.89580409999999
316,o92555,09-03-2023,184.5313457
315,i224197,09-03-2023,114.21370309999999
314,b131537,09-03-2023,212.77605830000002
313,r135292,09-03-2023,223.43542119999998
312,r179950,09-03-2023,141.0031844
311,e200623,09-03-2023,104.2449548
310,g4308,09-03-2023,140.5023136
309,m163384,09-03-2023,215.24912859999998
308,X124402,09-03-2023,131.2537649
307,X154633,09-03-2023,169.5865965
306,b10482,09-03-2023,168.025713
305,b229803,09-03-2023,207.5592946
304,b183870,09-03-2023,212.27493930000003
303,q83092,09-03-2023,135.9157714
302,a182477,09-03-2023,174.0872974
301,k70016,09-03-2023,100.0469717
300,p70097,09-03-2023,187.4305365
299,n2547,09-03-2023,216.5340556
320,n38297,09-03-2023,186.23503480000002
321,a221239,09-03-2023,187.5371839
322,n190245,09-03-2023,139.4179851
334,t146221,09-03-2023,202.3835239
343,e103608,09-03-2023,204.6640376
342,l104467,09-03-2023,187.25158280000002
341,u101558,09-03-2023,122.84981189999999
340,j44762,09-03-2023,102.2088834
339,k30100,09-03-2023,216.30905040000002
338,l131768,09-03-2023,153.434238
337,d132797,09-03-2023,105.2613759
336,w159410,09-03-2023,168.5664059
335,f181448,09-03-2023,160.6135292
333,m30390,09-03-2023,107.8350801
323,l193424,09-03-2023,187.3761139
332,i145041,09-03-2023,147.0190696
331,i201363,09-03-2023,141.9381342
330,a210992,09-03-2023,101.8917293
329,w184377,09-03-2023,214.7015395
328,X118100,09-03-2023,108.2300067
327,n61050,09-03-2023,187.0234553
326,e114815,09-03-2023,133.58649340000002
325,x63553,09-03-2023,179.823994
324,X180459,09-03-2023,132.5287055
199,i81281,09-03-2023,125.5665979
197,r183647,09-03-2023,215.5657321
395,w22730,09-03-2023,100.4265751
73,f161606,09-03-2023,207.3175768
71,v176912,09-03-2023,216.5787071
70,v106861,09-03-2023,116.1555149
69,c35799,09-03-2023,103.5250787
68,d217591,09-03-2023,145.6469193
67,b124189,09-03-2023,171.43593810000002
66,g104283,09-03-2023,113.13855790000001
65,c131800,09-03-2023,153.8567071
64,d193380,09-03-2023,216.9363721
63,d190022,09-03-2023,177.1834027
62,c82424,09-03-2023,203.1616228
61,l228941,09-03-2023,136.9894108
60,q206522,09-03-2023,117.76916159999999
59,c100507,09-03-2023,156.42804280000001
58,w96482,09-03-2023,104.01623199999999
57,b72408,09-03-2023,128.2580726
56,u83437,09-03-2023,154.520473
55,q228963,09-03-2023,117.08212720000002
54,m170566,09-03-2023,175.963431
53,i32774,09-03-2023,139.76590190000002
52,k218692,09-03-2023,153.2469373
51,b64666,09-03-2023,159.9996695
72,l115632,09-03-2023,228.9819098
74,f47011,09-03-2023,128.3503957
98,n57874,09-03-2023,142.56970330000001
75,a116641,09-03-2023,221.6524398
96,t26221,09-03-2023,159.73023930000002
95,h231772,09-03-2023,200.9423303
94,x33080,09-03-2023,200.57814419999997
93,m30682,09-03-2023,175.3866804
92,w119221,09-03-2023,220.4628258
91,m204786,09-03-2023,183.0533053
90,w81901,09-03-2023,161.2726736
89,t73085,09-03-2023,106.95374650000001
88,i78258,09-03-2023,173.04900609999999
87,i112245,09-03-2023,138.4014561
86,g186293,09-03-2023,116.09787390000001
85,t82841,09-03-2023,196.1016837
84,a86761,09-03-2023,122.5047706
83,d113316,09-03-2023,208.2888809
82,m10172,09-03-2023,154.22891330000002
81,u43732,09-03-2023,225.4153414
80,p17525,09-03-2023,154.3713487
79,X69157,09-03-2023,177.34821499999998
78,u60396,09-03-2023,161.33089089999999
77,s46227,09-03-2023,103.2138972
76,n30127,09-03-2023,121.868024
50,h8522,09-03-2023,189.81457609999998
49,v119379,09-03-2023,109.62258600000001
48,X45045,09-03-2023,162.0667628
47,l5103,09-03-2023,133.0018976
22,d117037,09-03-2023,216.1748886
21,b79426,09-03-2023,175.85567939999999
20,s45567,09-03-2023,117.62154709999999
19,j68138,09-03-2023,126.63317590000001
18,j82700,09-03-2023,153.4761752
17,s168067,09-03-2023,167.5586131
16,l15614,09-03-2023,213.6789224
15,u134301,09-03-2023,123.66608390000002
14,x210689,09-03-2023,161.2528263
13,o158450,09-03-2023,135.6156108
12,p198533,09-03-2023,182.2959226
11,i213651,09-03-2023,107.87493740000001
10,v170863,09-03-2023,167.6343434
9,j104487,09-03-2023,187.7785403
8,f6111,09-03-2023,137.35308600000002
7,d124472,09-03-2023,156.87708700000002
6,l56355,09-03-2023,180.0018642
5,p58703,09-03-2023,176.4855789
4,r62929,09-03-2023,118.66881310000001
3,n51781,09-03-2023,226.6136887
2,f44033,09-03-2023,125.85168519999999
23,h41896,09-03-2023,173.1338233
24,p128773,09-03-2023,168.8564384
25,v70141,09-03-2023,144.7624814
37,f229539,09-03-2023,156.04877390000001
46,c215593,09-03-2023,198.3532859
45,a84075,09-03-2023,130.8844741
44,u42807,09-03-2023,137.9810449
43,b117397,09-03-2023,121.53749350000001
42,i128729,09-03-2023,164.181959
41,X74457,09-03-2023,117.65625320000001
40,m77060,09-03-2023,200.8316731
39,p181999,09-03-2023,187.8826546
38,i24784,09-03-2023,117.0840915
36,u123412,09-03-2023,234.24647489999998
26,d214893,09-03-2023,194.205893
35,d210552,09-03-2023,212.18050019999998
34,k133371,09-03-2023,231.150224
33,n75160,09-03-2023,192.2439165
32,u189752,09-03-2023,161.7259477
31,w156283,09-03-2023,106.92870220000002
30,p152100,09-03-2023,163.7309721
29,e41920,09-03-2023,124.3702429
28,v82122,09-03-2023,112.63684540000001
27,n148384,09-03-2023,216.1403219
97,q124345,09-03-2023,199.10320819999998
99,h130173,09-03-2023,170.67894919999998
196,d130267,09-03-2023,105.1548053
172,p105641,09-03-2023,192.9717562
170,h118164,09-03-2023,134.8299206
169,r57967,09-03-2023,173.9963408
168,e220709,09-03-2023,95.08163315
167,o222728,09-03-2023,176.741687
166,n231562,09-03-2023,165.14352150000002
165,q108499,09-03-2023,220.7290051
164,o30161,09-03-2023,114.3401291
163,f52928,09-03-2023,159.72896780000002
162,l209702,09-03-2023,113.12846119999999
161,X8868,09-03-2023,214.67662510000002
160,d207483,09-03-2023,111.31488459999998
159,h192035,09-03-2023,141.9812476
158,a19343,09-03-2023,133.8623449
157,i72930,09-03-2023,102.7075432
156,d55046,09-03-2023,138.8323958
155,k146842,09-03-2023,169.82429330000002
154,g44567,09-03-2023,176.7783884
153,f29107,09-03-2023,179.8496242
152,c99741,09-03-2023,182.9380256
151,i152009,09-03-2023,159.1816789
150,p14411,09-03-2023,95.33839358
171,o91308,09-03-2023,128.9078034
173,k114281,09-03-2023,175.2606001
100,a90303,09-03-2023,116.0512199
174,w68991,09-03-2023,190.0722159
195,p47498,09-03-2023,157.72519540000002
194,n134509,09-03-2023,130.85396459999998
193,b36476,09-03-2023,216.6737695
192,l224569,09-03-2023,98.54052316
191,v180925,09-03-2023,206.7118841
190,v152965,09-03-2023,119.6080629
189,c119642,09-03-2023,197.8122743
188,x133990,09-03-2023,152.0620445
187,h139801,09-03-2023,156.8901611
186,e139466,09-03-2023,134.08881110000002
185,f42731,09-03-2023,99.70864240000002
184,j28090,09-03-2023,107.856803
183,t36322,09-03-2023,101.42289190000001
182,k25470,09-03-2023,136.08346909999997
181,n224422,09-03-2023,182.90218480000001
180,s207867,09-03-2023,205.7047041
179,b70037,09-03-2023,149.4623871
178,s31446,09-03-2023,189.4907429
177,v117652,09-03-2023,142.85978219999998
176,s23909,09-03-2023,163.82197419999997
175,n47731,09-03-2023,148.9872914
149,a187852,09-03-2023,155.5052436
148,n19148,09-03-2023,228.39450499999998
147,p77169,09-03-2023,160.8908945
146,d54396,09-03-2023,162.8735767
121,m98766,09-03-2023,98.93629
120,n129819,09-03-2023,192.9709636
119,e66757,09-03-2023,151.58520009999998
118,k144359,09-03-2023,172.5105405
117,k111643,09-03-2023,99.67706992
116,a100813,09-03-2023,117.5058909
115,m155310,09-03-2023,136.4733191
114,f63873,09-03-2023,105.79401370000001
113,n175843,09-03-2023,222.1488458
112,k53638,09-03-2023,127.9948458
111,m217886,09-03-2023,211.56057990000002
110,q186283,09-03-2023,137.79134340000002
109,e207580,09-03-2023,181.39769130000002
108,t112988,09-03-2023,108.0046148
107,m193666,09-03-2023,109.5676494
106,n161870,09-03-2023,152.63404350000002
105,t32718,09-03-2023,176.68962480000002
104,q46302,09-03-2023,171.23653969999998
103,t54272,09-03-2023,196.867828
102,w140065,09-03-2023,199.0713773
101,p85322,09-03-2023,148.4118017
122,r51947,09-03-2023,224.3083929
123,i108437,09-03-2023,196.95635380000002
124,k98452,09-03-2023,135.8503451
136,g22491,09-03-2023,171.86140980000002
145,f180557,09-03-2023,228.57254819999997
144,w13626,09-03-2023,192.51130609999998
143,x36239,09-03-2023,117.5449543
142,d59410,09-03-2023,190.43765009999998
141,g134956,09-03-2023,163.8807292
140,d107741,09-03-2023,213.0853563
139,r146614,09-03-2023,192.8349374
138,n79869,09-03-2023,193.1134392
137,m112866,09-03-2023,146.9943948
135,o58243,09-03-2023,106.15719299999999
125,d195175,09-03-2023,141.5602164
134,a20667,09-03-2023,142.5782726
133,s212905,09-03-2023,227.72158140000002
132,g136505,09-03-2023,178.9405759
131,m28780,09-03-2023,188.6714419
130,n59480,09-03-2023,132.6562376
129,g220866,09-03-2023,114.4951565
128,q74414,09-03-2023,94.38530438
127,u43956,09-03-2023,160.7582848
126,l110731,09-03-2023,204.8317165
394,f100157,09-03-2023,180.81481680000002
374,n75149,09-03-2023,176.8716583
396,g81044,09-03-2023,162.18123390000002
666,X9242,09-03-2023,94.2931992
664,r14485,09-03-2023,157.2268786
663,a117509,09-03-2023,217.2329943
662,d128074,09-03-2023,206.1996275
661,j137136,09-03-2023,169.4729725
660,m164932,09-03-2023,135.6629945
659,w168893,09-03-2023,136.6396136
658,u132431,09-03-2023,129.1029608
657,p62878,09-03-2023,154.3417023
656,f5693,09-03-2023,136.0874523
655,k167853,09-03-2023,199.1311922
654,e115010,09-03-2023,160.2802799
653,j104926,09-03-2023,114.4459663
652,s232572,09-03-2023,115.36065959999999
651,k126905,09-03-2023,152.5321333
650,n208830,09-03-2023,195.293051
649,e38410,09-03-2023,190.18049969999998
648,c44346,09-03-2023,187.1837522
647,k61269,09-03-2023,184.9140967
646,j31529,09-03-2023,156.44476980000002
645,d222584,09-03-2023,122.69689340000001
644,d222795,09-03-2023,199.6820132
665,w133037,09-03-2023,118.53945829999999
667,h82598,09-03-2023,150.53584730000003
691,f115172,09-03-2023,97.38688187
668,s118742,09-03-2023,217.22235350000003
689,a24127,09-03-2023,108.2022403
688,k68591,09-03-2023,103.8048322
687,l25638,09-03-2023,210.7533929
686,b110316,09-03-2023,98.35348714
685,l163556,09-03-2023,173.88540790000002
684,k85109,09-03-2023,108.0696
683,c108645,09-03-2023,137.24418740000002
682,w45923,09-03-2023,201.8137843
681,f128424,09-03-2023,199.3462356
680,i145577,09-03-2023,183.89760890000002
679,q135291,09-03-2023,198.3007803
678,i228936,09-03-2023,203.5611983
677,w183786,09-03-2023,124.28194199999999
676,c207810,09-03-2023,118.9530246
675,o119736,09-03-2023,216.45524509999998
674,q91657,09-03-2023,141.23994059999998
673,c194980,09-03-2023,172.4801548
672,s79832,09-03-2023,96.72663877
671,f133230,09-03-2023,178.2799017
670,p226038,09-03-2023,142.9033085
669,d220744,09-03-2023,202.7073273
643,n203466,09-03-2023,115.36208470000001
642,h158183,09-03-2023,183.03042659999997
641,m230475,09-03-2023,132.1417315
640,h49847,09-03-2023,102.96737519999999
615,g46657,09-03-2023,169.0384891
397,u85666,09-03-2023,221.24635120000002
613,s30529,09-03-2023,133.36254309999998
612,d74733,09-03-2023,98.64579084
611,u191228,09-03-2023,174.1762616
610,o75474,09-03-2023,109.1342946
609,g103376,09-03-2023,219.2092061
608,q135126,09-03-2023,116.47390190000002
607,j123195,09-03-2023,173.06816619999998
606,X195632,09-03-2023,148.6344667
605,i103042,09-03-2023,165.01689530000002
604,e46084,09-03-2023,177.5468814
603,b85834,09-03-2023,132.75851780000002
602,w198952,09-03-2023,163.9112373
601,l128432,09-03-2023,109.360954
600,x104481,09-03-2023,194.78466269999998
599,g201626,09-03-2023,102.24515179999999
598,d1318,09-03-2023,90.04620279999999
597,i218592,09-03-2023,178.2112352
596,c53740,09-03-2023,180.8471554
595,g116524,09-03-2023,171.43895980000002
616,i158626,09-03-2023,171.0308517
617,c4212,09-03-2023,104.79236490000001
618,t144346,09-03-2023,112.80225690000002
630,j57196,09-03-2023,176.0935853
639,k193991,09-03-2023,152.3954249
638,n1690,09-03-2023,156.1178738
637,b194649,09-03-2023,100.24823190000001
636,p158342,09-03-2023,113.5311702
635,i175684,09-03-2023,95.23592373
634,o154708,09-03-2023,92.15939128
633,k77436,09-03-2023,104.6834816
632,a41387,09-03-2023,162.07658830000003
631,e199596,09-03-2023,116.9387612
629,a38043,09-03-2023,195.48962980000002
619,b143481,09-03-2023,173.38082
628,m213489,09-03-2023,139.62429330000003
627,m164079,09-03-2023,150.676324
626,f31286,09-03-2023,138.7599927
625,d133094,09-03-2023,95.02675245
624,t119221,09-03-2023,159.6613591
623,a111723,09-03-2023,138.60997769999997
622,c96635,09-03-2023,177.5886413
621,o168949,09-03-2023,114.77555530000001
620,o192693,09-03-2023,119.2642807
690,s113446,09-03-2023,101.7086869
692,g73098,09-03-2023,189.77799869999998
593,X146812,09-03-2023,193.19360980000002
765,a26095,09-03-2023,200.97339330000003
763,w128718,09-03-2023,203.1143704
762,v28605,09-03-2023,211.031938
761,h15557,09-03-2023,134.01253880000002
760,o210402,09-03-2023,176.46491880000002
759,d29298,09-03-2023,192.5303599
758,a179390,09-03-2023,166.72427480000002
757,a173769,09-03-2023,222.41156400000003
756,o49112,09-03-2023,142.45742009999998
755,q197841,09-03-2023,127.76236440000001
754,g6542,09-03-2023,167.17463600000002
753,i153920,09-03-2023,112.09674869999999
752,p213825,09-03-2023,191.72341919999997
751,m2005,09-03-2023,150.1252063
750,o88708,09-03-2023,122.74215249999999
749,e2824,09-03-2023,127.2694226
748,d36668,09-03-2023,142.75924419999998
747,i126152,09-03-2023,190.23284730000003
746,h214551,09-03-2023,191.26710500000002
745,r121564,09-03-2023,106.22428470000001
744,r139758,09-03-2023,122.85988390000001
743,c115994,09-03-2023,201.6767491
764,r180166,09-03-2023,144.7524547
766,X103105,09-03-2023,184.7667424
693,x21707,09-03-2023,113.5964281
767,p115801,09-03-2023,100.1110252
788,c183265,09-03-2023,91.72065351
787,a65788,09-03-2023,203.7382479
786,o108198,09-03-2023,187.6665303
785,k198678,09-03-2023,200.7998081
784,m117158,09-03-2023,144.5603242
783,x160524,09-03-2023,103.18491209999999
782,b64610,09-03-2023,116.9703331
781,l94928,09-03-2023,164.9040559
780,q43824,09-03-2023,104.77026359999999
779,a142368,09-03-2023,186.2826468
778,d31897,09-03-2023,199.4656129
777,m99281,09-03-2023,85.16235759999999
776,k59046,09-03-2023,143.79845490000002
775,r208473,09-03-2023,171.5724393
774,t145838,09-03-2023,141.1778387
773,j193460,09-03-2023,113.767668
772,f1707,09-03-2023,97.96543462
771,b39684,09-03-2023,106.6527499
770,u67837,09-03-2023,188.54349430000002
769,i211140,09-03-2023,195.272329
768,u165439,09-03-2023,103.09278979999999
742,c23288,09-03-2023,213.34857110000002
741,f54111,09-03-2023,179.9572916
740,u68551,09-03-2023,192.4534714
739,b35533,09-03-2023,210.4388915
714,b38909,09-03-2023,208.0596237
713,t39906,09-03-2023,134.6418297
712,t13536,09-03-2023,144.367536
711,g27381,09-03-2023,115.4473953
710,i15818,09-03-2023,206.9753584
709,l28555,09-03-2023,162.6700711
708,h115227,09-03-2023,179.5506476
707,x62919,09-03-2023,198.7307361
706,n184214,09-03-2023,193.18722150000002
705,l135218,09-03-2023,125.0658638
704,p38396,09-03-2023,137.3471707
703,e189263,09-03-2023,220.663373
702,r130467,09-03-2023,189.54564319999997
701,x233543,09-03-2023,217.2048844
700,h31794,09-03-2023,160.8484205
699,i89556,09-03-2023,159.1448122
698,a159495,09-03-2023,194.8760659
697,s217023,09-03-2023,123.42321059999999
696,q20944,09-03-2023,206.5881913
695,q29143,09-03-2023,221.19724869999996
694,b148495,09-03-2023,201.6847233
715,u106481,09-03-2023,223.11679790000002
716,g8005,09-03-2023,134.2098163
717,t221827,09-03-2023,102.2008967
729,b153969,09-03-2023,222.83843540000004
738,g46625,09-03-2023,173.64990469999998
737,c185774,09-03-2023,169.71257119999999
736,u37921,09-03-2023,156.5429117
735,c43635,09-03-2023,186.2551458
734,c4706,09-03-2023,160.9963185
733,b37569,09-03-2023,89.51782192
732,n174637,09-03-2023,112.4382333
731,q149989,09-03-2023,100.54700129999999
730,o193012,09-03-2023,112.1429105
728,r32006,09-03-2023,146.4132625
718,k222875,09-03-2023,197.55345669999997
727,j115091,09-03-2023,193.40273
726,f227944,09-03-2023,117.36627
725,d177435,09-03-2023,100.0548563
724,v198457,09-03-2023,112.8167152
723,b130705,09-03-2023,195.08352969999999
722,u51640,09-03-2023,216.8097194
721,t47798,09-03-2023,153.871783
720,b88750,09-03-2023,197.95456140000002
719,s197401,09-03-2023,213.33682969999998
594,s150042,09-03-2023,187.25722549999998
614,c200357,09-03-2023,114.6045666
592,b198658,09-03-2023,215.86568480000003
469,b55594,09-03-2023,165.7211196
467,s177861,09-03-2023,213.24154069999997
466,s152220,09-03-2023,195.61691530000002
465,h8397,09-03-2023,83.10327657
464,c112541,09-03-2023,172.8137872
463,d106585,09-03-2023,192.27069630000003
462,f206588,09-03-2023,200.5885324
461,v40090,09-03-2023,175.6280282
460,e203763,09-03-2023,113.4408129
459,v54251,09-03-2023,196.1716132
458,p147020,09-03-2023,192.14828500000002
457,X168300,09-03-2023,160.6309187
456,k157578,09-03-2023,151.5724185
455,j201889,09-03-2023,217.60244390000003
454,d190483,09-03-2023,212.11764490000002
453,t232599,09-03-2023,201.81249419999997
452,b199403,09-03-2023,113.414525
451,f22641,09-03-2023,209.414226
450,u227571,09-03-2023,104.93262179999999
449,b172587,09-03-2023,198.66039630000003
448,l72119,09-03-2023,149.4668705
447,w193351,09-03-2023,161.4406499
468,h90277,09-03-2023,211.84116400000002
470,s104565,09-03-2023,163.62038280000002
494,b140952,09-03-2023,166.275153
471,s110731,09-03-2023,218.5930825
492,t108161,09-03-2023,131.3437935
491,s194871,09-03-2023,108.75645759999999
490,q232521,09-03-2023,161.91673799999998
489,i109049,09-03-2023,212.3673554
488,f48757,09-03-2023,126.1759237
487,c35792,09-03-2023,134.2599952
486,o81429,09-03-2023,117.48591540000001
485,i62583,09-03-2023,137.9618864
484,b166009,09-03-2023,117.6007675
483,l131707,09-03-2023,156.4846664
482,s191822,09-03-2023,179.5025708
481,o233554,09-03-2023,157.97332969999997
480,t69831,09-03-2023,126.42571799999999
479,k203178,09-03-2023,138.05641830000002
478,a137349,09-03-2023,85.23638237
477,w59430,09-03-2023,197.66966499999998
476,f13404,09-03-2023,113.16376770000001
475,b113052,09-03-2023,204.6796743
474,l118690,09-03-2023,194.31636699999999
591,n166861,09-03-2023,105.5288301
472,s193194,09-03-2023,154.85932340000002
446,c151943,09-03-2023,92.22228434
445,b78458,09-03-2023,205.01608269999997
444,d44117,09-03-2023,148.10801519999998
443,h44135,09-03-2023,168.6481523
418,m2562,09-03-2023,95.71820083
417,b8964,09-03-2023,131.8302261
416,w172744,09-03-2023,215.32763640000002
415,k188045,09-03-2023,148.7476023
414,x21892,09-03-2023,137.0103565
413,e145601,09-03-2023,209.1631382
412,w26038,09-03-2023,149.6455632
411,m34734,09-03-2023,210.657986
410,f18078,09-03-2023,188.74395080000002
409,a122732,09-03-2023,138.2109264
408,e87109,09-03-2023,136.2846447
407,h10968,09-03-2023,162.4902628
406,p224439,09-03-2023,171.0134119
405,b166549,09-03-2023,134.63049730000003
404,e21359,09-03-2023,121.3856297
403,o20147,09-03-2023,91.02698769
402,c80998,09-03-2023,166.1459802
401,k179813,09-03-2023,194.1708793
400,a158645,09-03-2023,138.08120119999998
399,q206775,09-03-2023,188.7379666
398,t225475,09-03-2023,199.0904057
419,k141199,09-03-2023,206.4142764
420,o37791,09-03-2023,93.31632035
421,k164328,09-03-2023,155.0585816
433,d87076,09-03-2023,108.3569986
442,h189664,09-03-2023,202.517891
441,n84756,09-03-2023,198.27899630000002
440,g122394,09-03-2023,218.255752
439,v70208,09-03-2023,173.80812690000002
438,i77697,09-03-2023,133.6940305
437,n30549,09-03-2023,187.9544257
436,u83865,09-03-2023,184.5591701
435,b210568,09-03-2023,97.45760733
434,m168212,09-03-2023,214.27523250000002
432,b219977,09-03-2023,120.96859509999999
422,r218940,09-03-2023,114.9413237
431,c197844,09-03-2023,102.4037051
430,a52563,09-03-2023,173.9188231
429,s170442,09-03-2023,124.3453098
428,d135524,09-03-2023,93.89639282
427,X133611,09-03-2023,183.4392228
426,o214753,09-03-2023,117.4951737
425,b206297,09-03-2023,221.77426780000002
424,n199478,09-03-2023,94.97784387
423,n61568,09-03-2023,172.09627719999997
493,c87589,09-03-2023,184.66391230000002
473,m177063,09-03-2023,131.088076
495,l82205,09-03-2023,119.5968527
567,k78724,09-03-2023,114.16460079999999
565,c145960,09-03-2023,173.92076469999998
564,n218104,09-03-2023,213.56559269999997
563,l79427,09-03-2023,180.7750205
562,k55125,09-03-2023,222.2829529
561,b223771,09-03-2023,149.54064440000002
560,l216847,09-03-2023,186.4791738
559,j99374,09-03-2023,138.9865565
558,m47091,09-03-2023,123.1498662
557,p13100,09-03-2023,191.74320569999998
556,l222653,09-03-2023,90.92870708
555,m95078,09-03-2023,177.9452529
554,d36384,09-03-2023,152.7406733
553,a141412,09-03-2023,129.3064405
552,t15513,09-03-2023,144.41043090000002
551,q48412,09-03-2023,127.00540330000001
550,e162490,09-03-2023,126.800126
549,g157577,09-03-2023,156.1409615
548,u29613,09-03-2023,218.6008481
547,t180201,09-03-2023,211.6497103
546,j10673,09-03-2023,198.68933159999997
545,c82844,09-03-2023,107.16139469999999
566,q186906,09-03-2023,157.3486595
568,s163015,09-03-2023,131.6173047
496,c164873,09-03-2023,200.70572380000002
569,r98399,09-03-2023,96.96617109999998
590,a48806,09-03-2023,131.2648297
589,a121607,09-03-2023,108.5669077
588,e1,09-03-2023,118.3449893
587,v206311,09-03-2023,229.99126030000002
586,l54898,09-03-2023,224.7009069
585,w115595,09-03-2023,134.5802595
584,u155943,09-03-2023,135.51290649999999
583,j215590,09-03-2023,115.1817615
582,d35423,09-03-2023,133.6458662
581,o189463,09-03-2023,209.3278775
580,k96009,09-03-2023,133.9666334
579,l54285,09-03-2023,166.1888064
578,n165399,09-03-2023,103.4642814
577,k184389,09-03-2023,201.65157309999998
576,r11704,09-03-2023,206.67095930000002
575,l13065,09-03-2023,189.581334
574,m124329,09-03-2023,143.7780264
573,h112663,09-03-2023,160.0614947
572,r65541,09-03-2023,214.4131231
571,o53547,09-03-2023,195.82228480000003
570,p221670,09-03-2023,100.48559279999999
544,t219105,09-03-2023,164.9732499
812,r66659,09-03-2023,99.16658113
540,r199658,09-03-2023,201.78127619999998
530,n71553,09-03-2023,207.5839657
521,d184724,09-03-2023,149.24336100000002
522,v119718,09-03-2023,183.6306927
523,u39861,09-03-2023,210.76501299999998
524,s106359,09-03-2023,85.0932038
525,l68216,09-03-2023,178.8016487
526,w77851,09-03-2023,200.2556487
527,k78205,09-03-2023,171.5196627
528,n29574,09-03-2023,179.9720658
529,a150641,09-03-2023,154.2681986
531,a93200,09-03-2023,192.8343773
519,X33164,09-03-2023,221.50521559999999
532,w133863,09-03-2023,165.2440222
533,c14510,09-03-2023,103.8220744
534,a149986,09-03-2023,193.57283600000002
535,o233658,09-03-2023,161.18754330000002
536,b160395,09-03-2023,132.00858300000002
543,h94754,09-03-2023,160.02036
542,r152290,09-03-2023,111.96273190000001
541,k20606,09-03-2023,217.03942819999997
537,f6020,09-03-2023,216.4544961
520,g166716,09-03-2023,201.0165236
518,o113724,09-03-2023,166.86218
538,x26156,09-03-2023,98.84296579999999
506,h110,09-03-2023,96.37239148
497,b97425,09-03-2023,205.3302926
498,r160789,09-03-2023,102.5381093
499,u14725,09-03-2023,161.0649707
500,d167746,09-03-2023,128.3927905
501,f59043,09-03-2023,182.4083726
502,c112667,09-03-2023,149.47666619999998
503,d129329,09-03-2023,120.62396299999999
504,e156476,09-03-2023,216.0077285
505,a60558,09-03-2023,170.37891299999998
507,m110741,09-03-2023,95.13419807
517,m47960,09-03-2023,160.226292
508,f66215,09-03-2023,115.3239138
509,t144203,09-03-2023,195.5588323
510,m139823,09-03-2023,106.192203
511,t228389,09-03-2023,108.5127115
512,p131000,09-03-2023,99.2703019
513,j5625,09-03-2023,172.5159573
514,s168781,09-03-2023,146.82954660000001
515,f153625,09-03-2023,210.3037352
516,u179424,09-03-2023,148.28352900000002
539,h46387,09-03-2023,207.6909635
1776,l133790,09-03-2023,92.53797197
1780,o131598,09-03-2023,134.8315364
1897,v92873,09-03-2023,89.86611392
2153,a162116,09-03-2023,109.91569820000001
2151,u108834,09-03-2023,126.57956670000002
2139,r114483,09-03-2023,101.5878932
2049,h202185,09-03-2023,138.05515480000003
2002,a168078,09-03-2023,155.6807341
1920,r120400,09-03-2023,126.073874
1908,l151116,09-03-2023,194.09097880000002
1900,l106192,09-03-2023,85.18459067
1884,f150453,09-03-2023,208.385288
2999,a83321,09-03-2023,69.41124906
1882,s29448,09-03-2023,144.0249976
1880,p6393,09-03-2023,131.0244826
1878,p187988,09-03-2023,72.88922227
1877,o64468,09-03-2023,79.53137424
1865,u5448,09-03-2023,105.65906310000001
1815,f194429,09-03-2023,71.06581223
1810,m179903,09-03-2023,152.1384973
1783,u128519,09-03-2023,184.3503038
1736,s54665,09-03-2023,172.5744745
2183,l204149,09-03-2023,138.3157017
2184,q40009,09-03-2023,125.55252050000001
2191,b182456,09-03-2023,97.93411072
2936,p59651,09-03-2023,141.3585321
2920,a101775,09-03-2023,140.1842704
2917,e135952,09-03-2023,102.3428096
2908,x196643,09-03-2023,178.9233941
2906,k36911,09-03-2023,198.6076614
2768,g170651,09-03-2023,208.84862919999998
2669,j138897,09-03-2023,127.1834423
2607,m177732,09-03-2023,195.879417
2581,f225507,09-03-2023,119.2181953
2578,t69012,09-03-2023,158.825298
2562,p129484,09-03-2023,205.8946283
2516,h19510,09-03-2023,139.1320785
2503,s8068,09-03-2023,106.2806298
2471,c90034,09-03-2023,182.26358430000002
2453,h150898,09-03-2023,107.4296596
2426,e104173,09-03-2023,132.6699959
2220,w56242,09-03-2023,196.6230458
2158,m119576,09-03-2023,183.40225719999998
